<?xml version="1.0"?>
<!-- RSS generation done by 'Radio UserLand' on Fri, 13 Apr 2001 19:23:02 GMT -->
<rss version="0.92">
	<channel>
		<title>Dave Winer: Grateful Dead</title>
		<link>http://www.scripting.com/blog/categories/gratefulDead.html</link>
		<description>A high-fidelity Grateful Dead song every day. This is where we're experimenting with enclosures on RSS news items that download when you're not using your computer. If it works (it will) it will be the end of the Click-And-Wait multimedia experience on the Internet. </description>
		<lastBuildDate>Fri, 13 Apr 2001 19:23:02 GMT</lastBuildDate>

		<docs>http://backend.userland.com/rss092</docs>
		<managingEditor>dave@userland.com (Dave Winer)</managingEditor>
		<webMaster>dave@userland.com (Dave Winer)</webMaster>
		<cloud domain="data.ourfavoritesongs.com" port="80" path="/RPC2" registerProcedure="ourFavoriteSongs.rssPleaseNotify" protocol="xml-rpc"/>
		<item>
			<description>It's been a few days since I added a song to the Grateful Dead channel. Now that there are all these new Radio users, many of whom are tuned into this channel (it's #16 on the hotlist of upstreaming Radio users, there's no way of knowing how many non-upstreaming users are subscribing, have to do something about this..). Anyway, tonight's song is a live version of Weather Report Suite from Dick's Picks Volume 7. It's wistful music. Of course a beautiful song, oft-quoted here on Scripting News. &lt;i&gt;A little change, the wind and rain.&lt;/i&gt;

</description>
			<enclosure url="http://www.scripting.com/mp3s/weatherReportDicksPicsVol7.mp3" length="6182912" type="audio/mpeg"/>
			</item>
		<item>
			<description>Kevin Drennan started a &lt;a href="http://deadend.editthispage.com/"&gt;Grateful Dead Weblog&lt;/a&gt;. Hey it's cool, he even has a &lt;a href="http://deadend.editthispage.com/directory/61"&gt;directory&lt;/a&gt;. &lt;i&gt;A Frontier 7 feature.&lt;/i&gt;</description>

			<source url="http://scriptingnews.userland.com/xml/scriptingNews2.xml">Scripting News</source>
			</item>
		<item>
			<description>&lt;a href="http://arts.ucsc.edu/GDead/AGDL/other1.html"&gt;The Other One&lt;/a&gt;, live instrumental, One From The Vault. Very rhythmic very spacy, you can listen to it many times, and enjoy something new every time.</description>
			<enclosure url="http://www.scripting.com/mp3s/theOtherOne.mp3" length="6666097" type="audio/mpeg"/>
			</item>

		<item>
			<description>This is a test of a change I just made. Still diggin..</description>
			</item>
		<item>
			<description>The HTML rendering almost &lt;a href="http://validator.w3.org/check/referer"&gt;validates&lt;/a&gt;. Close. Hey I wonder if anyone has ever published a style guide for ALT attributes on images? What are you supposed to say in the ALT attribute? I sure don't know. If you're blind send me an email if u cn rd ths. </description>
			</item>

		</channel>
	</rss>
