<?xml version="1.0" encoding="ISO-8859-1"?>
<rss version="2.0">
<channel>
<title>CNN.com - Technology</title>
<link>http://www.cnn.com/rssclick/TECH/?section=cnn_tech</link>
<description>CNN.com delivers up-to-the-minute news and information on the latest top stories, weather, entertainment, politics and more.</description>
<language>en-us</language>
<copyright>� 2006 Cable News Network LP, LLLP.</copyright>
<pubDate>Tue, 01 Aug 2006 21:41:01 EDT</pubDate>
<ttl>10</ttl>
<image>
<title>CNN.com - Technology</title>
<link>http://www.cnn.com/rssclick/TECH/?section=cnn_tech</link>
<url>http://i.cnn.net/cnn/.element/img/1.0/logo/cnn.logo.rss.gif</url>
<width>144</width>
<height>33</height>
<description>CNN.com delivers up-to-the-minute news and information on the latest top stories, weather, entertainment, politics and more.</description>
</image>
<item>
<title>Cell phones: A new tool in the war-zone blogosphere  </title>
<link>http://www.cnn.com/rssclick/2006/TECH/internet/08/01/newblogs/index.html?section=cnn_tech</link>
<description>Pundits and political junkies may have put blogs on the map. But now individuals all over the planet are using new blogging tools to share gritty, uncensored information.</description>
<pubDate>Tue, 01 Aug 2006 16:06:17 EDT</pubDate>
</item>
<item>
<title>Site offers death alerts for baby boomers</title>
<link>http://www.cnn.com/rssclick/2006/TECH/internet/08/01/babyboomers.reut/index.html?section=cnn_tech</link>
<description>Read full story for latest details.</description>
<pubDate>Tue, 01 Aug 2006 11:06:35 EDT</pubDate>
</item>
<item>
<title>Gaming expo collapses under its own weight</title>
<link>http://www.cnn.com/rssclick/money/2006/08/01/commentary/column_gaming/index.htm?section=cnn_tech</link>
<description>The dueling - and deafening - two-story tall speakers of Electronic Arts and Activision have fought their last battle. E3, the industry's annual trade show, which is known for its overwhelming sights, sounds and excess, is scaling down.</description>
<pubDate>Tue, 01 Aug 2006 18:28:37 EDT</pubDate>
</item>
<item>
<title>Sony at 60: Looking for a jolt of electricity</title>
<link>http://www.cnn.com/rssclick/2006/TECH/biztech/07/31/sonyat60.ap/index.html?section=cnn_tech</link>
<description>Read full story for latest details.</description>
<pubDate>Mon, 31 Jul 2006 11:36:19 EDT</pubDate>
</item>
<item>
<title>Metallica, long resistant, joining iTunes</title>
<link>http://www.cnn.com/rssclick/2006/SHOWBIZ/Music/07/28/metallica.itunes.ap/index.html?section=cnn_tech</link>
<description>Read full story for latest details.</description>
<pubDate>Fri, 28 Jul 2006 17:02:41 EDT</pubDate>
</item>
<item>
<title>Microsoft: Vista shipments on track, for now</title>
<link>http://www.cnn.com/rssclick/2006/TECH/ptech/07/28/microsoft.vista.reut/index.html?section=cnn_tech</link>
<description>Read full story for latest details.</description>
<pubDate>Fri, 28 Jul 2006 11:23:26 EDT</pubDate>
</item>
<item>
<title>Your cell phone is so money</title>
<link>http://www.cnn.com/rssclick/2006/TECH/ptech/07/28/nfc.chip/index.html?section=cnn_tech</link>
<description>Forgot your wallet? You'll need a better excuse than that for passing on the check. By next year, you'll be able to pay simply by swiping your cell phone a few inches from a cash register, with a new wireless standard called Near Field Communication. </description>
<pubDate>Fri, 28 Jul 2006 16:06:04 EDT</pubDate>
</item>
<item>
<title>Review: 'Micro Machines' swaps quality for quantity</title>
<link>http://www.cnn.com/rssclick/2006/TECH/fun.games/07/28/micro.machines/index.html?section=cnn_tech</link>
<description>Racing games come in all shapes and sizes -- from authentic NASCAR and Formula 1 driving simulations to urban street racing challenges to over-the-top arcade handling on fantasy tracks.</description>
<pubDate>Fri, 28 Jul 2006 16:17:47 EDT</pubDate>
</item>
</channel>
</rss>
